Country,League,Season,Date,Time,Home,Away,HG,AG,Res,PSCH,PSCD,PSCA,MaxCH,MaxCD,MaxCA,AvgCH,AvgCD,AvgCA,BFECH,BFECD,BFECA,B365CH,B365CD,B365CA
Argentina,Liga Profesional,2026,22/01/2026,20:00,Aldosivi,Defensa y Justicia,0,0,D,,,,2.71,2.88,3.3,2.63,2.73,3.05,2.78,2.94,3.25,2.65,2.57,3.3
Argentina,Liga Profesional,2026,22/01/2026,23:00,Banfield,Huracan,1,1,D,,,,2.63,2.8,3.75,2.43,2.71,3.42,2.56,2.8,3.85,2.4,2.57,3.75
Argentina,Liga Profesional,2026,22/01/2026,23:00,Union de Santa Fe,Platense,0,0,D,,,,2.08,2.88,5.25,1.97,2.81,4.75,2.06,2.96,5.2,1.91,2.82,5.25
Argentina,Liga Profesional,2026,23/01/2026,01:15,Central Cordoba,Gimnasia Mendoza,0,1,A,,,,2.45,2.9,3.8,2.34,2.78,3.44,2.56,2.88,3.75,2.35,2.75,3.3
Argentina,Liga Profesional,2026,23/01/2026,01:15,Instituto,Velez Sarsfield,0,1,A,,,,2.83,2.8,3,2.72,2.73,2.91,2.86,2.9,3.2,2.65,2.75,3
Argentina,Liga Profesional,2026,23/01/2026,22:00,San Lorenzo,Lanus,2,3,A,,,,2.8,2.65,3.35,2.71,2.59,3.11,2.92,2.66,3.35,2.75,2.57,3.1
Argentina,Liga Profesional,2026,23/01/2026,23:00,Independiente,Estudiantes L.P.,1,1,D,,,,2.54,2.88,3.5,2.44,2.75,3.3,2.62,2.92,3.55,2.45,2.65,3.5
Argentina,Liga Profesional,2026,24/01/2026,01:15,Ind. Rivadavia,Atl. Tucuman,2,1,H,,,,1.82,3.4,5.75,1.74,3.25,5.16,1.83,3.5,5.7,1.68,3.3,5.75
Argentina,Liga Profesional,2026,24/01/2026,01:15,Talleres Cordoba,Newells Old Boys,2,1,H,,,,1.9,3.35,5,1.82,3.17,4.78,1.95,3.3,5.2,1.79,3.3,5
Argentina,Liga Profesional,2026,24/01/2026,20:00,Barracas Central,River Plate,0,1,A,,,,5.75,3.4,1.8,5.08,3.27,1.75,5.9,3.5,1.8,5.75,3.3,1.68
Argentina,Liga Profesional,2026,24/01/2026,22:30,Gimnasia L.P.,Racing Club,2,1,H,,,,4,3.13,2.25,3.62,3.02,2.14,4.1,3.2,2.2,3.75,3.1,2.1
Argentina,Liga Profesional,2026,25/01/2026,01:00,Rosario Central,Belgrano,1,2,A,,,,1.95,3.3,4.9,1.89,3.1,4.54,1.96,3.35,5,1.86,3.1,4.5
Argentina,Liga Profesional,2026,25/01/2026,21:30,Boca Juniors,Dep. Riestra,1,0,H,,,,1.63,3.5,7.1,1.6,3.35,6.65,1.67,3.5,8,1.61,3.4,6.5
Argentina,Liga Profesional,2026,26/01/2026,00:00,Argentinos Jrs,Sarmiento Junin,1,0,H,,,,1.43,4.33,11,1.38,4.1,9.31,1.42,4.6,11,1.35,4.1,11
Argentina,Liga Profesional,2026,26/01/2026,00:00,Tigre,Estudiantes Rio Cuarto,2,0,H,,,,2,3.1,4.8,1.94,2.95,4.58,2.04,3,5.4,1.91,3,4.75
Argentina,Liga Profesional,2026,26/01/2026,20:00,Platense,Instituto,2,1,H,,,,2.5,2.7,3.7,2.43,2.61,3.57,2.56,2.76,3.85,2.45,2.57,3.7
Argentina,Liga Profesional,2026,27/01/2026,20:45,Velez Sarsfield,Talleres Cordoba,2,1,H,,,,2.33,2.9,4,2.26,2.77,3.69,2.46,2.94,3.8,2.3,2.75,3.8
Argentina,Liga Profesional,2026,27/01/2026,23:00,Gimnasia Mendoza,San Lorenzo,0,1,A,,,,3.8,2.8,2.42,3.63,2.67,2.35,4,2.84,2.48,3.8,2.7,2.3
Argentina,Liga Profesional,2026,27/01/2026,23:00,Huracan,Ind. Rivadavia,1,2,A,,,,2.1,2.88,4.75,2.06,2.76,4.4,2.24,2.84,4.8,2.05,2.75,4.75
Argentina,Liga Profesional,2026,28/01/2026,01:15,Atl. Tucuman,Central Cordoba,0,0,D,,,,2.15,3.1,3.9,2.1,3.07,3.67,2.2,3.25,4.1,2.05,3.1,3.9
Argentina,Liga Profesional,2026,28/01/2026,01:15,Newells Old Boys,Independiente,1,1,D,,,,3.75,2.9,2.6,3.45,2.81,2.33,3.75,3.05,2.42,3.75,2.75,2.25
Argentina,Liga Profesional,2026,28/01/2026,20:00,Aldosivi,Barracas Central,0,0,D,,,,2.35,2.75,4.5,2.18,2.69,4.1,2.3,2.84,4.4,2.05,2.7,4.5
Argentina,Liga Profesional,2026,28/01/2026,22:00,Racing Club,Rosario Central,1,2,A,,,,2.23,3.13,4,2.12,3.02,3.71,2.2,3.2,4.1,2.1,3,4
Argentina,Liga Profesional,2026,28/01/2026,23:00,River Plate,Gimnasia L.P.,2,0,H,,,,1.6,3.9,7.5,1.53,3.7,6.54,1.6,4,7.6,1.53,3.6,7
Argentina,Liga Profesional,2026,29/01/2026,01:15,Estudiantes L.P.,Boca Juniors,2,1,H,,,,3,2.85,2.8,2.96,2.71,2.73,3.15,2.88,2.9,3,2.75,2.7
Argentina,Liga Profesional,2026,29/01/2026,20:00,Dep. Riestra,Defensa y Justicia,0,1,A,,,,2.17,2.9,4.33,2.1,2.82,4.11,2.22,3,4.4,2.1,2.82,4.1
Argentina,Liga Profesional,2026,29/01/2026,22:15,Belgrano,Tigre,1,1,D,,,,2,3.1,5,1.93,2.96,4.61,2.08,3.05,5,1.96,3,4.75
Argentina,Liga Profesional,2026,29/01/2026,22:15,Lanus,Union de Santa Fe,2,1,H,,,,2.15,3,4.5,2.05,2.88,4.17,2.12,3.05,4.9,2.05,2.82,4.33
Argentina,Liga Profesional,2026,30/01/2026,00:30,Estudiantes Rio Cuarto,Argentinos Jrs,0,0,D,,,,5.75,3.25,1.8,5.5,3.12,1.74,6,3.35,1.86,5.75,3.1,1.71
Argentina,Liga Profesional,2026,30/01/2026,00:30,Sarmiento Junin,Banfield,1,0,H,,,,3.66,2.88,2.43,3.46,2.78,2.35,3.8,2.9,2.52,3.6,2.75,2.32
Argentina,Liga Profesional,2026,31/01/2026,20:30,San Lorenzo,Central Cordoba,1,0,H,,,,1.83,3.15,6.5,1.78,3.01,5.7,1.86,3.1,6.8,1.71,3,6.5
Argentina,Liga Profesional,2026,31/01/2026,22:45,Independiente,Velez Sarsfield,1,1,D,,,,2.2,3,4.2,2.13,2.95,3.79,2.28,3,4.2,2.1,3,3.75
Argentina,Liga Profesional,2026,01/02/2026,01:00,Atl. Tucuman,Huracan,1,1,D,,,,2.7,2.88,3.35,2.59,2.76,3.09,2.8,2.86,3.3,2.7,2.7,3
Argentina,Liga Profesional,2026,01/02/2026,01:00,Talleres Cordoba,Platense,1,2,A,,,,2,3.1,5.1,1.94,2.93,4.72,2.04,3.05,5.3,1.91,2.85,5
Argentina,Liga Profesional,2026,01/02/2026,20:00,Barracas Central,Dep. Riestra,1,1,D,,,,3.1,2.62,3,3,2.55,2.87,3.15,2.7,3.1,3,2.57,2.85
Argentina,Liga Profesional,2026,01/02/2026,22:15,Boca Juniors,Newells Old Boys,2,0,H,,,,1.48,4,9.5,1.45,3.9,8.23,1.5,4.1,10,1.42,3.9,9.5
Argentina,Liga Profesional,2026,02/02/2026,00:30,Rosario Central,River Plate,0,0,D,,,,2.95,3,2.9,2.69,2.9,2.82,2.86,3,3.1,2.7,3,2.85
Argentina,Liga Profesional,2026,02/02/2026,20:30,Gimnasia L.P.,Aldosivi,3,1,H,,,,2.12,3,4.75,2.03,2.85,4.36,2.08,3.05,5,2.01,2.82,4.75
Argentina,Liga Profesional,2026,02/02/2026,22:45,Defensa y Justicia,Estudiantes L.P.,0,0,D,,,,3.6,3,2.45,3.38,2.85,2.35,3.7,2.94,2.5,3.3,3,2.3
Argentina,Liga Profesional,2026,02/02/2026,22:45,Tigre,Racing Club,3,1,H,,,,4,3,2.32,3.68,2.86,2.22,4.1,3,2.34,4,2.75,2.2
Argentina,Liga Profesional,2026,03/02/2026,01:00,Argentinos Jrs,Belgrano,0,0,D,,,,1.7,3.65,6.25,1.66,3.4,5.73,1.74,3.55,6.4,1.62,3.3,6
Argentina,Liga Profesional,2026,03/02/2026,01:00,Union de Santa Fe,Gimnasia Mendoza,4,0,H,,,,1.83,3.3,6,1.74,3.22,5.37,1.79,3.45,6.4,1.66,3.25,6
Argentina,Liga Profesional,2026,03/02/2026,22:00,Banfield,Estudiantes Rio Cuarto,2,1,H,,,,1.95,3.15,5,1.88,2.99,4.73,2,3.1,5.4,1.86,2.85,5
Argentina,Liga Profesional,2026,04/02/2026,00:15,Ind. Rivadavia,Sarmiento Junin,2,1,H,,,,1.81,3.33,5.75,1.74,3.22,5.36,1.82,3.4,6,1.71,3.3,5.5
Argentina,Liga Profesional,2026,04/02/2026,00:15,Instituto,Lanus,2,2,D,,,,2.9,3,2.8,2.84,2.84,2.69,3,3,2.9,2.85,2.82,2.65
Argentina,Liga Profesional,2026,07/02/2026,00:00,Central Cordoba,Union de Santa Fe,1,0,H,,,,3.66,3,2.45,3.44,2.79,2.34,3.8,2.94,2.48,3.4,3,2.3
Argentina,Liga Profesional,2026,07/02/2026,20:00,Aldosivi,Rosario Central,1,1,D,,,,4.75,3.1,2.12,4.27,2.9,2.02,4.6,3,2.18,4.75,3,1.91
Argentina,Liga Profesional,2026,07/02/2026,21:00,Racing Club,Argentinos Jrs,2,1,H,,,,2.82,3,2.8,2.76,2.89,2.73,2.94,3,3,2.82,2.85,2.75
Argentina,Liga Profesional,2026,07/02/2026,23:00,River Plate,Tigre,1,4,A,,,,1.65,3.75,7.5,1.6,3.54,6.08,1.68,3.75,7,1.57,3.6,6
Argentina,Liga Profesional,2026,08/02/2026,01:15,Belgrano,Banfield,1,0,H,,,,1.91,3.4,5,1.81,3.26,4.69,1.86,3.5,5.5,1.76,3.4,5
Argentina,Liga Profesional,2026,08/02/2026,01:15,Newells Old Boys,Defensa y Justicia,2,3,A,,,,2.2,3.05,4,2.16,2.89,3.76,2.26,3,4.1,2.15,2.85,3.9
Argentina,Liga Profesional,2026,08/02/2026,20:00,Platense,Independiente,0,1,A,,,,3,2.85,3.1,2.76,2.71,2.93,2.98,2.74,3.2,2.7,2.75,3
Argentina,Liga Profesional,2026,08/02/2026,20:00,Sarmiento Junin,Atl. Tucuman,2,1,H,,,,2.8,2.95,3,2.71,2.82,2.85,2.9,2.98,3.1,2.7,2.75,3
Argentina,Liga Profesional,2026,08/02/2026,22:15,Huracan,San Lorenzo,1,0,H,,,,2.6,2.7,3.66,2.49,2.58,3.5,2.66,2.7,3.8,2.45,2.7,3.4
Argentina,Liga Profesional,2026,09/02/2026,01:15,Gimnasia Mendoza,Instituto,1,0,H,,,,3.2,2.8,2.75,3.07,2.74,2.59,3.4,2.86,2.7,3.2,2.75,2.57
Argentina,Liga Profesional,2026,09/02/2026,01:15,Velez Sarsfield,Boca Juniors,2,1,H,,,,3.5,2.9,2.58,3.21,2.77,2.49,3.5,2.9,2.64,3.1,2.85,2.45
Argentina,Liga Profesional,2026,09/02/2026,20:00,Barracas Central,Gimnasia L.P.,2,0,H,,,,2.83,3,3.05,2.72,2.8,2.85,3,2.9,3.05,2.75,2.85,2.75
Argentina,Liga Profesional,2026,09/02/2026,22:15,Estudiantes L.P.,Dep. Riestra,1,0,H,,,,1.93,3,5.5,1.88,2.88,5.11,1.98,3.05,5.8,1.86,3,5
Argentina,Liga Profesional,2026,09/02/2026,22:15,Lanus,Talleres Cordoba,1,1,D,,,,2.06,3.13,4.33,1.99,3.01,4.17,2.12,3.15,4.6,2.01,2.85,4.33
Argentina,Liga Profesional,2026,10/02/2026,00:30,Estudiantes Rio Cuarto,Ind. Rivadavia,0,1,A,,,,4,2.9,2.4,3.73,2.76,2.24,4.1,3,2.3,4,2.75,2.15
Argentina,Liga Profesional,2026,12/02/2026,22:00,Tigre,Aldosivi,1,0,H,,,,1.77,3.3,6.2,1.72,3.13,5.79,1.79,3.35,6.6,1.71,3.1,6
Argentina,Liga Profesional,2026,13/02/2026,00:15,Argentinos Jrs,River Plate,1,0,H,,,,2.32,3.1,3.7,2.24,2.94,3.45,2.4,3,3.9,2.2,2.85,3.7
Argentina,Liga Profesional,2026,13/02/2026,23:00,Independiente,Lanus,2,0,H,,,,2.16,3.05,4.33,2.08,2.9,3.98,2.18,3.1,4.4,2.05,2.82,4.33
Argentina,Liga Profesional,2026,14/02/2026,01:15,Defensa y Justicia,Velez Sarsfield,1,1,D,,,,3.7,3.1,2.38,3.47,2.86,2.29,3.8,3,2.44,3.7,2.75,2.3
Argentina,Liga Profesional,2026,14/02/2026,01:15,Union de Santa Fe,San Lorenzo,0,0,D,,,,2.28,2.75,5,2.14,2.64,4.41,2.26,2.78,4.7,2.01,2.7,5
Argentina,Liga Profesional,2026,14/02/2026,20:30,Banfield,Racing Club,0,2,A,,,,4.5,3.3,1.95,4.2,3.2,1.9,4.7,3.35,2.02,4.33,3.3,1.86
Argentina,Liga Profesional,2026,14/02/2026,22:45,Huracan,Sarmiento Junin,1,0,H,,,,1.83,3.2,6,1.77,3.08,5.41,1.85,3.3,6.2,1.76,3.1,6
Argentina,Liga Profesional,2026,14/02/2026,22:45,Talleres Cordoba,Gimnasia Mendoza,2,1,H,,,,2.12,3.4,7,1.71,3.23,5.79,1.76,3.45,6.6,1.62,3.25,7
Argentina,Liga Profesional,2026,15/02/2026,01:00,Atl. Tucuman,Estudiantes Rio Cuarto,4,0,H,,,,1.91,3.25,4.75,1.87,3.13,4.59,1.94,3.35,5,1.86,3.25,4.5
Argentina,Liga Profesional,2026,15/02/2026,01:00,Ind. Rivadavia,Belgrano,0,1,A,,,,2.42,3,3.65,2.33,2.83,3.41,2.48,3,3.65,2.35,2.7,3.5
Argentina,Liga Profesional,2026,15/02/2026,20:00,Gimnasia L.P.,Estudiantes L.P.,0,0,D,,,,3.4,2.95,2.71,3.1,2.75,2.58,3.3,2.78,2.86,3.25,2.65,2.65
Argentina,Liga Profesional,2026,15/02/2026,22:30,Boca Juniors,Platense,0,0,D,,,,1.65,3.5,7,1.61,3.36,6.38,1.7,3.55,7.2,1.61,3.4,6.5
Argentina,Liga Profesional,2026,16/02/2026,01:00,Instituto,Central Cordoba,2,0,H,,,,1.98,3.14,5.25,1.87,3.06,4.69,1.93,3.3,5.5,1.81,3.1,4.75
Argentina,Liga Profesional,2026,16/02/2026,01:00,Rosario Central,Barracas Central,2,0,H,,,,1.58,3.6,8.5,1.53,3.52,7.32,1.6,3.75,8.4,1.51,3.4,8.5
Argentina,Liga Profesional,2026,16/02/2026,22:00,Dep. Riestra,Newells Old Boys,1,1,D,,,,2.33,2.88,4,2.28,2.69,3.75,2.42,2.84,4.1,2.25,2.65,3.9
Argentina,Liga Profesional,2026,20/02/2026,20:15,Defensa y Justicia,Belgrano,1,1,D,,,,3.2,3,2.65,2.99,2.86,2.56,3.4,2.94,2.7,3.2,2.82,2.55
Argentina,Liga Profesional,2026,20/02/2026,20:45,Estudiantes L.P.,Sarmiento Junin,1,0,H,,,,1.64,3.5,8,1.59,3.29,6.96,1.63,3.55,8.8,1.57,3.5,7
Argentina,Liga Profesional,2026,20/02/2026,23:00,Boca Juniors,Racing Club,0,0,D,,,,2.3,3,3.75,2.23,2.92,3.51,2.44,3.05,3.7,2.3,2.85,3.5
Argentina,Liga Profesional,2026,20/02/2026,23:00,Instituto,Atl. Tucuman,2,1,H,,,,2.05,3.3,4.3,1.98,3.11,4.02,2.08,3.25,4.6,2.01,3.1,4.2
Argentina,Liga Profesional,2026,21/02/2026,01:15,Gimnasia Mendoza,Gimnasia L.P.,0,1,A,,,,2.7,2.9,3.1,2.59,2.8,3,2.76,2.9,3.3,2.7,2.75,3
Argentina,Liga Profesional,2026,21/02/2026,01:15,Rosario Central,Talleres Cordoba,0,1,A,,,,2,3.33,5,1.82,3.2,4.72,1.83,3.45,5.7,1.86,3.25,4.5
Argentina,Liga Profesional,2026,21/02/2026,20:00,Ind. Rivadavia,Independiente,3,2,H,,,,2.7,2.88,3.4,2.58,2.8,3.03,2.76,2.86,3.35,2.5,2.7,3.4
Argentina,Liga Profesional,2026,21/02/2026,20:00,Platense,Barracas Central,1,0,H,,,,1.94,3.25,5.5,1.84,2.97,5.1,1.94,3.1,5.9,1.76,3.25,5.25
Argentina,Liga Profesional,2026,21/02/2026,22:15,Banfield,Newells Old Boys,3,0,H,,,,2.4,3,3.5,2.33,2.88,3.34,2.48,2.94,3.8,2.3,2.85,3.4
Argentina,Liga Profesional,2026,21/02/2026,22:15,Dep. Riestra,Huracan,0,0,D,,,,2.8,2.65,3.4,2.71,2.51,3.22,2.92,2.58,3.6,2.7,2.4,3.4
Argentina,Liga Profesional,2026,22/02/2026,00:30,Central Cordoba,Tigre,0,0,D,,,,3.6,2.88,2.54,3.38,2.69,2.45,3.7,2.82,2.64,3.6,2.65,2.4
Argentina,Liga Profesional,2026,22/02/2026,20:00,San Lorenzo,Estudiantes Rio Cuarto,2,0,H,,,,1.67,3.4,7.5,1.62,3.25,6.75,1.67,3.4,8,1.57,3.3,7.5
Argentina,Liga Profesional,2026,22/02/2026,22:15,Velez Sarsfield,River Plate,1,0,H,,,,2.9,3,2.8,2.83,2.89,2.65,3,3.05,2.86,2.82,2.85,2.7
Argentina,Liga Profesional,2026,23/02/2026,00:30,Union de Santa Fe,Aldosivi,1,0,H,,,,1.6,3.7,6.75,1.57,3.56,6.39,1.63,3.9,7.2,1.56,3.6,6.5
Argentina,Liga Profesional,2026,24/02/2026,20:00,Platense,Defensa y Justicia,0,0,D,,,,2.05,3.05,4.55,2.02,2.86,4.28,2.12,3,4.8,2.01,2.82,4.5
Argentina,Liga Profesional,2026,24/02/2026,22:15,San Lorenzo,Instituto,1,1,D,,,,2.54,2.88,3.45,2.47,2.72,3.28,2.62,2.86,3.6,2.5,2.7,3.4
Argentina,Liga Profesional,2026,24/02/2026,22:45,Central Cordoba,Talleres Cordoba,2,0,H,,,,3.7,2.85,2.38,3.53,2.73,2.32,3.85,2.88,2.5,3.6,2.75,2.32
Argentina,Liga Profesional,2026,25/02/2026,00:30,Belgrano,Atl. Tucuman,3,1,H,,,,1.8,3.55,5.25,1.74,3.33,4.93,1.81,3.6,5.7,1.71,3.4,5
Argentina,Liga Profesional,2026,25/02/2026,01:00,Gimnasia Mendoza,Independiente,1,1,D,,,,4,2.95,2.25,3.74,2.81,2.2,4.2,2.96,2.32,3.9,2.75,2.2
Argentina,Liga Profesional,2026,25/02/2026,20:00,Barracas Central,Tigre,2,1,H,,,,3.35,2.88,2.65,3.16,2.71,2.55,3.5,2.84,2.7,3.1,2.7,2.65
Argentina,Liga Profesional,2026,25/02/2026,20:00,Gimnasia L.P.,Rosario Central,1,2,A,,,,3.5,2.8,2.7,3.3,2.67,2.49,3.5,2.98,2.6,3.25,2.5,2.7
Argentina,Liga Profesional,2026,25/02/2026,22:30,Newells Old Boys,Estudiantes L.P.,0,2,A,,,,3.8,2.9,2.36,3.6,2.77,2.27,3.8,2.94,2.46,3.8,2.75,2.3
Argentina,Liga Profesional,2026,25/02/2026,22:30,Velez Sarsfield,Dep. Riestra,0,0,D,,,,2,2.9,5.5,1.92,2.8,5.06,2.1,2.86,5.5,1.91,2.75,5.5
Argentina,Liga Profesional,2026,26/02/2026,20:15,Racing Club,Ind. Rivadavia,1,1,D,,,,1.92,3.4,5.2,1.81,3.27,4.53,1.91,3.4,5.2,1.81,3.4,4.5
Argentina,Liga Profesional,2026,26/02/2026,20:15,Sarmiento Junin,Union de Santa Fe,1,3,A,,,,3.55,2.95,2.45,3.31,2.81,2.36,3.6,2.96,2.52,3.3,2.85,2.35
Argentina,Liga Profesional,2026,26/02/2026,22:30,Estudiantes Rio Cuarto,Huracan,2,0,H,,,,4.1,2.7,2.35,3.94,2.61,2.28,4.3,2.84,2.36,4,2.65,2.25
Argentina,Liga Profesional,2026,26/02/2026,22:30,River Plate,Banfield,3,1,H,,,,1.65,3.95,6.1,1.6,3.6,5.79,1.69,3.8,6.6,1.61,3.7,5.5
Argentina,Liga Profesional,2026,28/02/2026,20:45,Boca Juniors,Gimnasia Mendoza,1,1,D,,,,1.51,3.95,9,1.47,3.66,8.02,1.55,3.9,9.2,1.49,3.6,9
Argentina,Liga Profesional,2026,28/02/2026,23:00,Independiente,Central Cordoba,2,0,H,,,,1.63,3.45,8.5,1.6,3.29,6.72,1.65,3.6,8.2,1.56,3.25,8.5
Argentina,Liga Profesional,2026,01/03/2026,01:15,Talleres Cordoba,San Lorenzo,0,0,D,,,,2.2,2.85,4.25,2.13,2.75,4.07,2.26,2.86,4.7,2.05,2.85,4.2
Argentina,Liga Profesional,2026,01/03/2026,20:00,Newells Old Boys,Rosario Central,0,2,A,,,,5.25,3.3,1.9,4.7,3.18,1.82,5.3,3.25,1.95,5.25,3.25,1.76
Argentina,Liga Profesional,2026,01/03/2026,22:15,Argentinos Jrs,Barracas Central,1,1,D,,,,1.41,4.4,10.5,1.37,4.09,9.5,1.42,4.7,10.5,1.39,4.1,9.5
Argentina,Liga Profesional,2026,01/03/2026,22:15,Instituto,Union de Santa Fe,1,2,A,,,,2.66,3,3.25,2.53,2.83,3.03,2.68,3,3.25,2.55,2.75,3.1
Argentina,Liga Profesional,2026,02/03/2026,00:30,Defensa y Justicia,Lanus,1,1,D,,,,2.25,3.25,3.75,2.15,2.99,3.58,2.28,3.05,4,2.1,3.25,3.7
Argentina,Liga Profesional,2026,02/03/2026,00:30,Tigre,Gimnasia L.P.,2,2,D,,,,2.1,3.1,4.75,1.99,2.98,4.19,2.1,3.15,4.6,1.91,3,4.75
Argentina,Liga Profesional,2026,02/03/2026,22:15,Dep. Riestra,Platense,0,0,D,,,,2.75,2.65,3.6,2.6,2.51,3.39,2.74,2.66,3.7,2.5,2.55,3.5
Argentina,Liga Profesional,2026,02/03/2026,22:15,Estudiantes L.P.,Velez Sarsfield,0,1,A,,,,2.3,2.9,4.33,2.19,2.79,3.85,2.26,2.92,4.5,2.15,2.65,4.33
Argentina,Liga Profesional,2026,03/03/2026,00:30,Banfield,Aldosivi,2,0,H,,,,2.16,3.15,4.4,2.05,3,3.93,2.18,3.05,4.4,2.05,3.1,3.9
Argentina,Liga Profesional,2026,03/03/2026,00:30,Ind. Rivadavia,River Plate,1,1,D,,,,3.15,3.1,2.57,2.99,3.04,2.42,3.1,3.25,2.66,3,3,2.57
Argentina,Liga Profesional,2026,03/03/2026,22:00,Sarmiento Junin,Estudiantes Rio Cuarto,1,0,H,,,,1.93,3.2,5,1.87,3.03,4.65,2,3.15,5.2,1.86,3.1,4.75
Argentina,Liga Profesional,2026,03/03/2026,22:15,Huracan,Belgrano,3,1,H,,,,3,2.8,3,2.9,2.64,2.81,3.1,2.82,3,3,2.57,2.85
Argentina,Liga Profesional,2026,04/03/2026,00:15,Atl. Tucuman,Racing Club,0,3,A,,,,3.45,3,2.66,3.06,2.86,2.5,3.2,3.05,2.76,3.2,2.85,2.45
Argentina,Liga Profesional,2026,05/03/2026,00:00,Lanus,Boca Juniors,0,3,A,,,,3,3,2.8,2.91,2.85,2.63,3.25,2.84,2.88,3,3,2.57
Argentina,Liga Profesional,2026,10/03/2026,22:45,Independiente,Union de Santa Fe,4,4,D,,,,2.05,3.4,4,2.01,3.17,3.79,2.12,3.35,4.2,1.96,3.4,3.8
Argentina,Liga Profesional,2026,10/03/2026,22:45,Tigre,Velez Sarsfield,1,1,D,,,,2.3,2.95,3.8,2.26,2.78,3.57,2.4,2.88,4,2.15,2.57,3.5
Argentina,Liga Profesional,2026,11/03/2026,01:00,Newells Old Boys,Platense,1,1,D,,,,3.4,2.88,2.63,3.18,2.8,2.46,3.3,3.1,2.6,3.3,2.82,2.45
Argentina,Liga Profesional,2026,11/03/2026,01:00,Sarmiento Junin,Racing Club,0,0,D,,,,3.85,3.1,2.28,3.49,2.98,2.19,3.8,3.15,2.34,3.5,3,2.25
Argentina,Liga Profesional,2026,11/03/2026,20:30,Argentinos Jrs,Rosario Central,0,0,D,,,,2.08,3.25,4.75,1.98,2.96,4.24,2.04,3.2,4.9,1.91,3,4.75
Argentina,Liga Profesional,2026,11/03/2026,20:30,Banfield,Gimnasia L.P.,1,2,A,,,,2.3,3.2,3.6,2.26,2.96,3.36,2.38,3.05,3.75,2.25,3,3.5
Argentina,Liga Profesional,2026,11/03/2026,22:45,Boca Juniors,San Lorenzo,1,1,D,,,,1.76,3.4,6.2,1.71,3.16,5.78,1.78,3.35,6.8,1.68,3.25,6
Argentina,Liga Profesional,2026,12/03/2026,01:00,Atl. Tucuman,Aldosivi,1,1,D,,,,2.2,3.25,4.35,2.07,2.98,3.89,2.24,3.05,4.3,2.1,2.85,4
Argentina,Liga Profesional,2026,12/03/2026,01:00,Ind. Rivadavia,Barracas Central,1,2,A,,,,1.5,4,9,1.45,3.88,7.78,1.49,4.3,9.8,1.42,4,9
Argentina,Liga Profesional,2026,12/03/2026,20:00,Defensa y Justicia,Central Cordoba,1,1,D,,,,1.95,3.25,4.75,1.89,3.1,4.4,1.98,3.2,5.1,1.86,3.1,4.75
Argentina,Liga Profesional,2026,12/03/2026,20:00,Dep. Riestra,Gimnasia Mendoza,0,0,D,,,,2.1,2.8,5.5,2.04,2.67,4.68,2.18,2.82,5,2.01,2.57,5.5
Argentina,Liga Profesional,2026,12/03/2026,22:15,Estudiantes Rio Cuarto,Belgrano,0,1,A,,,,3.4,2.87,2.5,3.31,2.77,2.41,3.55,2.94,2.6,3.4,2.75,2.4
Argentina,Liga Profesional,2026,12/03/2026,22:15,Talleres Cordoba,Instituto,2,0,H,,,,2.28,2.95,4,2.19,2.85,3.69,2.3,3.05,4.1,2.15,2.85,3.9
Argentina,Liga Profesional,2026,13/03/2026,00:30,Huracan,River Plate,1,2,A,,,,3.4,2.9,2.5,3.22,2.8,2.39,3.45,2.98,2.62,3.3,2.85,2.4
Argentina,Liga Profesional,2026,14/03/2026,22:00,Platense,Velez Sarsfield,0,2,A,,,,2.9,2.8,3,2.81,2.7,2.81,3.05,2.76,3.1,2.85,2.75,2.7
Argentina,Liga Profesional,2026,15/03/2026,00:00,Rosario Central,Banfield,2,1,H,,,,1.63,3.75,6.5,1.59,3.55,5.94,1.65,3.8,6.8,1.56,3.4,6.5
Argentina,Liga Profesional,2026,15/03/2026,18:15,Gimnasia L.P.,Ind. Rivadavia,2,3,A,,,,3,3.1,2.63,2.83,2.98,2.54,3.05,3.25,2.68,3,3,2.5
Argentina,Liga Profesional,2026,15/03/2026,20:30,Belgrano,Talleres Cordoba,0,0,D,,,,2.4,2.88,3.66,2.34,2.8,3.38,2.52,2.88,3.65,2.32,2.75,3.6
Argentina,Liga Profesional,2026,15/03/2026,22:45,River Plate,Sarmiento Junin,2,0,H,,,,1.47,4,9,1.44,3.82,8.14,1.47,4.4,10.5,1.45,3.9,9
Argentina,Liga Profesional,2026,16/03/2026,01:00,Tigre,Argentinos Jrs,1,1,D,,,,2.83,2.75,3.1,2.75,2.7,2.9,2.98,2.8,3.2,2.75,2.65,3
Argentina,Liga Profesional,2026,16/03/2026,01:00,Union de Santa Fe,Boca Juniors,1,1,D,,,,3,2.8,3,2.84,2.68,2.81,3,2.78,3.15,2.85,2.5,3
Argentina,Liga Profesional,2026,16/03/2026,18:30,Aldosivi,Huracan,0,0,D,,,,3.33,2.74,2.63,3.16,2.65,2.59,3.45,2.78,2.8,3.25,2.65,2.55
Argentina,Liga Profesional,2026,16/03/2026,18:30,Barracas Central,Atl. Tucuman,2,1,H,,,,2.88,2.9,2.8,2.77,2.83,2.74,2.98,2.94,2.96,2.82,2.82,2.7
Argentina,Liga Profesional,2026,16/03/2026,21:30,San Lorenzo,Defensa y Justicia,2,5,A,,,,2.2,2.9,4.25,2.16,2.78,3.87,2.3,2.9,4.4,2.1,2.75,4.2
Argentina,Liga Profesional,2026,16/03/2026,23:00,Racing Club,Estudiantes Rio Cuarto,2,0,H,,,,1.43,4.25,12,1.39,4.06,8.75,1.44,4.5,11,1.41,4,8.5
Argentina,Liga Profesional,2026,17/03/2026,01:15,Instituto,Independiente,2,1,H,,,,2.75,3,3,2.68,2.91,2.75,2.94,2.96,3,2.7,3,2.7
Argentina,Liga Profesional,2026,17/03/2026,22:00,Lanus,Newells Old Boys,5,0,H,,,,1.67,3.6,6.5,1.64,3.42,5.64,1.72,3.6,6.8,1.62,3.3,6.5
Argentina,Liga Profesional,2026,18/03/2026,00:15,Central Cordoba,Dep. Riestra,1,0,H,,,,3.2,2.6,2.9,3.03,2.53,2.82,3.25,2.6,3.15,3.1,2.55,2.82
Argentina,Liga Profesional,2026,18/03/2026,00:15,Gimnasia Mendoza,Estudiantes L.P.,1,2,A,,,,4.2,2.9,2.16,3.92,2.82,2.12,4.3,3,2.26,4.2,2.85,2.1
Argentina,Liga Profesional,2026,21/03/2026,00:00,Atl. Tucuman,Gimnasia L.P.,1,0,H,,,,2.1,3.3,4,2.01,3.13,3.8,2.1,3.3,4.3,1.96,3.25,4
Argentina,Liga Profesional,2026,21/03/2026,00:00,Banfield,Tigre,1,0,H,,,,3.1,2.8,2.8,2.97,2.71,2.68,3.2,2.9,2.88,3.1,2.65,2.7
Argentina,Liga Profesional,2026,21/03/2026,18:30,Velez Sarsfield,Lanus,0,1,A,,,,2.3,3,3.6,2.21,2.93,3.5,2.36,2.98,3.95,2.2,3,3.6
Argentina,Liga Profesional,2026,21/03/2026,20:45,Defensa y Justicia,Union de Santa Fe,2,0,H,,,,3,3,2.65,2.85,2.92,2.58,3.2,2.98,2.72,2.85,3,2.57
Argentina,Liga Profesional,2026,21/03/2026,20:45,Newells Old Boys,Gimnasia Mendoza,1,0,H,,,,2.5,2.88,3.45,2.43,2.75,3.27,2.6,2.9,3.55,2.5,2.7,3.4
Argentina,Liga Profesional,2026,21/03/2026,23:00,Independiente,Talleres Cordoba,1,2,A,,,,1.95,3.2,4.75,1.91,3.1,4.25,1.98,3.25,4.9,1.86,3.1,4.75
Argentina,Liga Profesional,2026,22/03/2026,01:15,Belgrano,Racing Club,1,2,A,,,,2.9,3,2.7,2.81,2.95,2.6,3.1,3,2.84,2.85,3,2.57
Argentina,Liga Profesional,2026,22/03/2026,18:30,Sarmiento Junin,Aldosivi,2,0,H,,,,2.45,2.82,3.75,2.34,2.73,3.48,2.56,2.82,3.9,2.4,2.75,3.4
Argentina,Liga Profesional,2026,22/03/2026,20:45,Estudiantes Rio Cuarto,River Plate,0,2,A,,,,10,3.7,1.53,7.73,3.56,1.5,9.8,3.7,1.57,10,3.6,1.46
Argentina,Liga Profesional,2026,22/03/2026,23:00,Boca Juniors,Instituto,2,0,H,,,,1.64,3.6,6.5,1.6,3.42,6.13,1.68,3.65,7.2,1.57,3.5,6.5
Argentina,Liga Profesional,2026,23/03/2026,01:15,Argentinos Jrs,Platense,1,0,H,,,,1.8,3.25,5.75,1.76,3.08,5.37,1.85,3.2,6.4,1.76,3,5.75
Argentina,Liga Profesional,2026,23/03/2026,01:15,Ind. Rivadavia,Rosario Central,2,0,H,,,,2.75,2.98,3,2.64,2.85,2.86,2.94,2.96,3.05,2.75,2.75,2.85
Argentina,Liga Profesional,2026,23/03/2026,22:00,Estudiantes L.P.,Central Cordoba,5,0,H,,,,1.52,3.75,9.2,1.48,3.6,7.71,1.57,3.95,8.8,1.46,3.7,8
Argentina,Liga Profesional,2026,24/03/2026,00:15,Huracan,Barracas Central,0,0,D,,,,1.93,3.1,5.4,1.84,2.97,5.02,1.97,3.05,5.8,1.86,2.85,5.25
Argentina,Liga Profesional,2026,25/03/2026,22:00,Dep. Riestra,San Lorenzo,1,1,D,,,,2.5,2.75,3.7,2.41,2.65,3.51,2.54,2.72,4,2.4,2.65,3.7
Argentina,Liga Profesional,2026,27/03/2026,00:00,Argentinos Jrs,Lanus,2,1,H,,,,2.1,3.05,4.75,2.02,2.88,4.21,2.1,3.05,4.8,2.01,2.75,4.75
Argentina,Liga Profesional,2026,31/03/2026,18:00,Aldosivi,Argentinos Jrs,0,2,A,,,,5.25,3.3,1.88,4.8,3.1,1.82,5.6,3.3,1.88,5.25,3.3,1.76
Argentina,Liga Profesional,2026,02/04/2026,00:00,Lanus,Platense,0,0,D,,,,2.18,3,4.3,2.11,2.87,3.86,2.26,2.96,4.4,2.1,2.85,3.9
Argentina,Liga Profesional,2026,02/04/2026,19:00,Barracas Central,Sarmiento Junin,1,2,A,,,,2.4,2.85,3.7,2.36,2.74,3.42,2.52,2.92,3.75,2.32,2.7,3.7
Argentina,Liga Profesional,2026,02/04/2026,21:30,Tigre,Ind. Rivadavia,0,2,A,,,,2.2,3.1,3.7,2.15,2.99,3.58,2.26,3.2,4,2.1,3.1,3.7
Argentina,Liga Profesional,2026,03/04/2026,00:30,Talleres Cordoba,Boca Juniors,0,1,A,,,,2.6,3.35,3.3,2.43,2.86,3.11,2.56,3,3.55,2.25,2.85,3
Argentina,Liga Profesional,2026,03/04/2026,19:00,Gimnasia Mendoza,Velez Sarsfield,3,2,H,,,,4.25,3,2.15,3.91,2.87,2.1,4.2,3,2.24,4,2.85,2.1
Argentina,Liga Profesional,2026,03/04/2026,21:15,Union de Santa Fe,Dep. Riestra,2,0,H,,,,1.88,3.25,5,1.83,3.07,4.79,1.89,3.25,6,1.79,3.25,5
Argentina,Liga Profesional,2026,03/04/2026,23:30,San Lorenzo,Estudiantes L.P.,1,0,H,,,,3.55,2.88,2.5,3.32,2.73,2.41,3.55,2.9,2.62,3.5,2.7,2.4
Argentina,Liga Profesional,2026,04/04/2026,17:30,Aldosivi,Estudiantes Rio Cuarto,0,0,D,,,,2.3,2.8,4.1,2.19,2.72,3.92,2.38,2.78,4.2,2.25,2.65,4
Argentina,Liga Profesional,2026,04/04/2026,21:30,Independiente,Racing Club,1,0,H,,,,2.5,3,3.3,2.38,2.88,3.17,2.54,3.05,3.55,2.4,2.85,3.2
Argentina,Liga Profesional,2026,05/04/2026,01:00,Rosario Central,Atl. Tucuman,2,1,H,,,,1.75,3.5,5.75,1.67,3.39,5.32,1.76,3.6,6.2,1.66,3.5,5.5
Argentina,Liga Profesional,2026,05/04/2026,19:30,Gimnasia L.P.,Huracan,0,3,A,,,,2.9,2.82,3,2.79,2.73,2.82,3.05,2.88,3,2.82,2.75,2.82
Argentina,Liga Profesional,2026,05/04/2026,22:00,River Plate,Belgrano,3,0,H,,,,1.8,3.5,6.1,1.69,3.39,5.2,1.79,3.55,6,1.71,3.3,5.25
Argentina,Liga Profesional,2026,06/04/2026,00:30,Central Cordoba,Newells Old Boys,1,3,A,,,,2.45,2.88,3.5,2.34,2.82,3.35,2.5,2.98,3.7,2.45,2.75,3.3
Argentina,Liga Profesional,2026,06/04/2026,23:00,Argentinos Jrs,Banfield,3,2,H,,,,1.68,3.75,6.75,1.61,3.55,5.77,1.71,3.7,6.6,1.62,3.4,6.25
Argentina,Liga Profesional,2026,07/04/2026,01:15,Instituto,Defensa y Justicia,2,0,H,,,,2.06,3.3,4.5,1.95,3.1,4.08,2.02,3.3,4.9,1.91,3.25,4.2
Argentina,Liga Profesional,2026,11/04/2026,01:00,Belgrano,Aldosivi,1,0,H,,,,1.62,3.9,9,1.46,3.72,8.04,1.52,3.95,9.8,1.42,3.9,9
Argentina,Liga Profesional,2026,11/04/2026,19:00,Dep. Riestra,Instituto,0,1,A,,,,2.9,2.75,3.05,2.72,2.66,2.95,3,2.74,3.25,2.75,2.65,3
Argentina,Liga Profesional,2026,11/04/2026,19:30,Ind. Rivadavia,Argentinos Jrs,3,1,H,,,,3,3.1,2.75,2.88,2.82,2.64,3.15,2.98,2.82,3,2.75,2.7
Argentina,Liga Profesional,2026,11/04/2026,21:15,Estudiantes L.P.,Union de Santa Fe,2,1,H,,,,2.6,2.88,3.75,2.44,2.75,3.25,2.66,3,3.35,2.45,2.75,3.3
Argentina,Liga Profesional,2026,11/04/2026,23:30,Boca Juniors,Independiente,1,1,D,,,,2.5,3,3.7,2.35,2.85,3.28,2.58,3,3.5,2.32,2.75,3.7
Argentina,Liga Profesional,2026,12/04/2026,01:45,Estudiantes Rio Cuarto,Barracas Central,1,2,A,,,,2.4,2.8,4,2.28,2.71,3.65,2.38,2.84,4.2,2.25,2.75,3.75
Argentina,Liga Profesional,2026,12/04/2026,19:00,Newells Old Boys,San Lorenzo,0,0,D,,,,2.55,2.9,3.3,2.47,2.85,3.11,2.58,3,3.5,2.45,2.85,3.3
Argentina,Liga Profesional,2026,12/04/2026,19:00,Platense,Gimnasia Mendoza,1,1,D,,,,2.45,3,4.33,2.3,2.76,3.58,2.5,2.9,3.75,2.4,2.7,3.5
Argentina,Liga Profesional,2026,12/04/2026,21:30,Atl. Tucuman,Tigre,0,0,D,,,,2.54,3,3.6,2.37,2.89,3.24,2.52,2.98,3.7,2.3,3,3.6
Argentina,Liga Profesional,2026,12/04/2026,21:30,Huracan,Rosario Central,3,1,H,,,,2.55,2.88,3.66,2.33,2.78,3.42,2.46,2.9,3.85,2.32,2.75,3.6
Argentina,Liga Profesional,2026,13/04/2026,00:00,Racing Club,River Plate,0,2,A,,,,2.66,3,3.2,2.54,2.93,2.91,2.8,3,3.15,2.5,3,3.2
Argentina,Liga Profesional,2026,13/04/2026,20:30,Defensa y Justicia,Talleres Cordoba,1,2,A,,,,3.1,2.8,2.85,2.91,2.73,2.7,3.15,2.88,2.92,2.85,2.7,2.85
Argentina,Liga Profesional,2026,13/04/2026,20:30,Sarmiento Junin,Gimnasia L.P.,1,2,A,,,,2.72,2.88,3.2,2.63,2.76,2.95,2.9,2.92,3.1,2.57,2.75,3
Argentina,Liga Profesional,2026,13/04/2026,23:00,Lanus,Banfield,1,0,H,,,,1.93,3.2,5,1.86,3.08,4.63,1.94,3.3,5.4,1.86,3,5
Argentina,Liga Profesional,2026,14/04/2026,01:30,Velez Sarsfield,Central Cordoba,1,0,H,,,,1.38,4.6,12,1.35,4.29,9.73,1.4,4.8,11.5,1.33,4.33,12
Argentina,Liga Profesional,2026,18/04/2026,00:30,Union de Santa Fe,Newells Old Boys,2,3,A,,,,1.71,3.75,7,1.59,3.59,5.84,,,,1.53,3.7,7
Argentina,Liga Profesional,2026,18/04/2026,19:00,Gimnasia L.P.,Estudiantes Rio Cuarto,1,0,H,,,,1.85,3.3,5.75,1.79,3.14,4.92,,,,1.71,3.1,5.75
Argentina,Liga Profesional,2026,18/04/2026,21:15,Instituto,Estudiantes L.P.,0,1,A,,,,2.64,3.1,3.14,2.5,2.91,2.98,,,,2.45,3.1,3
Argentina,Liga Profesional,2026,18/04/2026,23:30,Independiente,Defensa y Justicia,3,1,H,,,,1.8,3.4,5.66,1.75,3.23,5.06,,,,1.71,3.3,5.25
Argentina,Liga Profesional,2026,19/04/2026,01:45,Argentinos Jrs,Atl. Tucuman,1,0,H,,,,1.62,3.8,6.5,1.59,3.59,5.78,,,,1.57,3.5,6.5
Argentina,Liga Profesional,2026,19/04/2026,17:30,Aldosivi,Racing Club,1,1,D,,,,5,3.1,1.95,4.6,3.01,1.89,,,,5,3,1.91
Argentina,Liga Profesional,2026,19/04/2026,21:00,River Plate,Boca Juniors,0,1,A,,,,2.3,3.05,3.8,2.22,2.93,3.51,,,,2.25,3,3.5
Argentina,Liga Profesional,2026,20/04/2026,00:30,Rosario Central,Sarmiento Junin,2,1,H,,,,1.48,4.2,8,1.43,4.02,7.49,,,,1.41,4.2,8
Argentina,Liga Profesional,2026,20/04/2026,00:30,Talleres Cordoba,Dep. Riestra,2,0,H,,,,1.72,3.4,7,1.65,3.23,6.18,,,,1.57,3.4,6.5
Argentina,Liga Profesional,2026,20/04/2026,19:00,Barracas Central,Belgrano,0,0,D,,,,4,2.9,2.35,3.6,2.83,2.24,,,,4,2.82,2.15
Argentina,Liga Profesional,2026,20/04/2026,21:15,Banfield,Ind. Rivadavia,0,0,D,,,,2.75,3.1,3.33,2.51,2.92,2.97,,,,2.4,2.85,3.2
Argentina,Liga Profesional,2026,20/04/2026,21:15,Central Cordoba,Platense,4,3,H,,,,3.75,2.88,2.36,3.55,2.76,2.29,,,,3.6,2.85,2.25
Argentina,Liga Profesional,2026,20/04/2026,23:30,San Lorenzo,Velez Sarsfield,0,0,D,,,,3.15,2.88,2.66,3.01,2.81,2.56,,,,3,2.82,2.65
Argentina,Liga Profesional,2026,21/04/2026,01:45,Gimnasia Mendoza,Lanus,1,0,H,,,,3.3,2.8,2.75,3.13,2.68,2.6,,,,3.1,2.65,2.7
Argentina,Liga Profesional,2026,21/04/2026,01:45,Tigre,Huracan,1,1,D,,,,2.65,2.75,3.55,2.52,2.67,3.26,,,,2.65,2.57,3.3
Argentina,Liga Profesional,2026,24/04/2026,00:00,Defensa y Justicia,Boca Juniors,0,4,A,,,,3.25,3,2.62,3.03,2.85,2.49,,,,3.25,2.75,2.5
Argentina,Liga Profesional,2026,24/04/2026,21:00,Dep. Riestra,Independiente,2,0,H,,,,4,3,2.3,3.69,2.81,2.2,,,,3.7,3,2.15
Argentina,Liga Profesional,2026,24/04/2026,23:15,Estudiantes Rio Cuarto,Rosario Central,1,2,A,,,,4.33,3.25,2.05,4.08,3.02,1.98,,,,4.1,3.25,1.96
Argentina,Liga Profesional,2026,24/04/2026,23:15,Lanus,Central Cordoba,0,0,D,,,,1.44,4.33,10,1.4,4.07,8,,,,1.39,4.33,8
Argentina,Liga Profesional,2026,25/04/2026,01:30,Platense,San Lorenzo,0,1,A,,,,2.5,2.82,3.66,2.37,2.74,3.38,,,,2.45,2.7,3.5
Argentina,Liga Profesional,2026,25/04/2026,01:30,Racing Club,Barracas Central,1,1,D,,,,1.44,4.33,9.5,1.42,4.01,7.78,,,,1.41,4.33,7.5
Argentina,Liga Profesional,2026,25/04/2026,21:00,Estudiantes L.P.,Talleres Cordoba,0,0,D,,,,2.25,3.05,4,2.15,2.94,3.65,,,,2.2,2.85,3.7
Argentina,Liga Profesional,2026,25/04/2026,23:15,Sarmiento Junin,Tigre,1,0,H,,,,3.8,2.88,2.37,3.49,2.8,2.28,,,,3.7,2.75,2.3
Argentina,Liga Profesional,2026,26/04/2026,01:30,River Plate,Aldosivi,3,1,H,,,,1.28,5.1,19,1.24,4.82,14.44,,,,1.24,4.75,19
Argentina,Liga Profesional,2026,26/04/2026,19:00,Ind. Rivadavia,Gimnasia Mendoza,5,1,H,,,,1.91,3.25,5.6,1.84,3.03,4.86,,,,1.81,3.1,5
Argentina,Liga Profesional,2026,26/04/2026,21:30,Belgrano,Gimnasia L.P.,0,1,A,,,,2.15,3.1,4.33,2.04,2.95,4,,,,2.05,2.85,4.33
Argentina,Liga Profesional,2026,26/04/2026,21:30,Newells Old Boys,Instituto,1,1,D,,,,3.25,3,2.55,2.98,2.92,2.45,,,,2.75,2.82,2.35
Argentina,Liga Profesional,2026,27/04/2026,00:00,Atl. Tucuman,Banfield,1,1,D,,,,2.25,3.05,3.75,2.17,2.95,3.51,,,,2.2,2.85,3.75
Argentina,Liga Profesional,2026,27/04/2026,22:45,Velez Sarsfield,Union de Santa Fe,2,2,D,,,,2.25,3.15,3.75,2.16,3.04,3.45,,,,2.15,3,3.75
Argentina,Liga Profesional,2026,28/04/2026,01:00,Huracan,Argentinos Jrs,1,2,A,,,,3.05,2.75,3,2.84,2.65,2.84,,,,2.75,2.65,3
Argentina,Liga Profesional,2026,02/05/2026,18:00,Barracas Central,Banfield,1,2,A,,,,2.6,2.9,3.15,2.54,2.8,3.01,,,,2.57,2.82,3
Argentina,Liga Profesional,2026,02/05/2026,18:30,Lanus,Dep. Riestra,0,0,D,,,,2.45,2.8,4,2.31,2.69,3.61,,,,2.35,2.65,3.6
Argentina,Liga Profesional,2026,02/05/2026,20:15,Central Cordoba,Boca Juniors,1,2,A,,,,5.5,3.4,1.83,4.97,3.17,1.76,,,,5.5,3.2,1.71
Argentina,Liga Profesional,2026,02/05/2026,22:45,San Lorenzo,Independiente,1,2,A,,,,3.33,2.9,2.83,3.09,2.61,2.68,,,,3.2,2.65,2.7
Argentina,Liga Profesional,2026,02/05/2026,22:45,Union de Santa Fe,Talleres Cordoba,1,1,D,,,,2.1,3.4,4,2.02,3.11,3.78,,,,1.96,3.4,4
Argentina,Liga Profesional,2026,03/05/2026,01:15,Platense,Estudiantes L.P.,0,2,A,,,,3,2.8,2.9,2.82,2.72,2.76,,,,2.75,2.75,2.85
Argentina,Liga Profesional,2026,03/05/2026,17:30,Aldosivi,Ind. Rivadavia,1,1,D,,,,2.65,3,3.1,2.52,2.92,2.92,,,,2.45,3,3.1
Argentina,Liga Profesional,2026,03/05/2026,20:00,Belgrano,Sarmiento Junin,4,0,H,,,,1.91,3.25,5,1.83,3.09,4.74,,,,1.86,3.1,4.75
Argentina,Liga Profesional,2026,03/05/2026,20:00,Gimnasia L.P.,Argentinos Jrs,2,0,H,,,,3.7,3.1,2.33,3.38,2.98,2.22,,,,3.7,2.85,2.2
Argentina,Liga Profesional,2026,03/05/2026,20:00,Racing Club,Huracan,0,0,D,,,,2.02,3.1,5,1.94,2.97,4.39,,,,1.86,3,5
Argentina,Liga Profesional,2026,03/05/2026,20:00,Rosario Central,Tigre,1,1,D,,,,3.1,2.9,2.75,2.97,2.79,2.58,,,,3.1,2.75,2.55
Argentina,Liga Profesional,2026,03/05/2026,22:30,River Plate,Atl. Tucuman,0,1,A,,,,1.57,4,6.6,1.52,3.81,6.16,,,,1.53,3.8,6.5
Argentina,Liga Profesional,2026,04/05/2026,21:00,Gimnasia Mendoza,Defensa y Justicia,2,1,H,,,,2.37,3,3.7,2.25,2.93,3.38,,,,2.25,2.82,3.7
Argentina,Liga Profesional,2026,04/05/2026,23:15,Velez Sarsfield,Newells Old Boys,1,1,D,,,,1.91,3.4,4.6,1.82,3.31,4.34,1.92,3.45,5.1,1.81,3.25,4.5
Argentina,Liga Profesional,2026,05/05/2026,01:30,Estudiantes Rio Cuarto,Instituto,0,2,A,,,,3.6,3,2.38,3.43,2.89,2.25,3.65,3.05,2.42,3.5,2.82,2.3
Argentina,Liga Profesional,2026,09/05/2026,20:30,Talleres Cordoba,Belgrano,0,1,A,,,,2.5,2.85,3.5,2.41,2.76,3.28,2.56,2.88,3.65,2.45,2.7,3.5
Argentina,Liga Profesional,2026,09/05/2026,23:00,Boca Juniors,Huracan,1,1,D,,,,1.8,3.2,6,1.75,3.09,5.4,1.83,3.25,6.4,1.71,3.2,5.75
Argentina,Liga Profesional,2026,10/05/2026,01:30,Ind. Rivadavia,Union de Santa Fe,1,2,A,,,,2.2,3.25,3.8,2.12,3.08,3.5,2.28,3.2,3.8,2.05,3.1,3.8
Argentina,Liga Profesional,2026,10/05/2026,02:15,Argentinos Jrs,Lanus,2,0,H,,,,2.14,3.2,4.33,2.01,2.99,4.02,2.18,3,4.5,2.01,3,4.33
Argentina,Liga Profesional,2026,10/05/2026,19:00,Rosario Central,Independiente,3,1,H,,,,2.05,3.2,4.33,2,3.04,3.94,2.08,3.2,4.6,1.96,3.1,4.2
Argentina,Liga Profesional,2026,10/05/2026,21:00,Estudiantes L.P.,Racing Club,0,1,A,,,,2.45,3,3.4,2.33,2.87,3.28,2.58,2.94,3.5,2.4,2.75,3.4
Argentina,Liga Profesional,2026,10/05/2026,23:00,River Plate,San Lorenzo,1,1,D,,,,1.6,3.65,8.25,1.52,3.52,7.18,1.58,3.75,9.2,1.51,3.6,7.5
Argentina,Liga Profesional,2026,11/05/2026,01:30,Velez Sarsfield,Gimnasia L.P.,0,1,A,,,,2.05,3.13,4.5,1.97,3.04,4.08,2.06,3.2,4.7,1.96,3,4.5
Argentina,Liga Profesional,2026,12/05/2026,23:00,Belgrano,Union de Santa Fe,2,0,H,,,,2.63,3,3.2,2.47,2.89,3.01,2.7,2.98,3.25,2.57,2.85,3
Argentina,Liga Profesional,2026,13/05/2026,01:30,Argentinos Jrs,Huracan,0,0,D,,,,1.95,3.05,5.5,1.84,2.95,5.01,1.94,3.05,6,1.86,2.82,5.5
Argentina,Liga Profesional,2026,13/05/2026,22:45,Rosario Central,Racing Club,1,1,D,,,,2.3,3.05,3.7,2.22,2.94,3.43,2.38,3,3.95,2.2,2.85,3.7
Argentina,Liga Profesional,2026,14/05/2026,01:45,River Plate,Gimnasia L.P.,2,0,H,,,,1.6,3.9,7.2,1.53,3.65,6.56,1.6,3.8,7.6,1.56,3.5,6.5
Argentina,Liga Profesional,2026,16/05/2026,23:30,River Plate,Rosario Central,1,0,H,,,,2.2,3,4.1,2.1,2.9,3.81,2.3,3,4.2,2.2,2.75,3.9
Argentina,Liga Profesional,2026,17/05/2026,21:00,Argentinos Jrs,Belgrano,1,1,D,,,,2.02,3,5.25,1.94,2.86,4.56,2.02,3.1,5.3,1.91,2.75,5.25
Argentina,Liga Profesional,2026,24/05/2026,19:30,River Plate,Belgrano,2,3,A,,,,2.25,2.9,4.2,2.15,2.79,3.9,,,,2.25,2.65,4
Argentina,Liga Profesional,2026,23/07/2026,23:30,Belgrano,Rosario Central,2,1,H,,,,2.63,3,3.15,2.52,2.82,3.02,2.74,2.92,3.3,2.57,3,3
Argentina,Liga Profesional,2026,23/07/2026,23:30,Sarmiento Junin,Argentinos Jrs,2,3,A,,,,4.35,3,2.1,4.16,2.88,2.02,4.6,3,2.2,4.33,2.85,2.05
Argentina,Liga Profesional,2026,24/07/2026,01:45,Defensa y Justicia,Aldosivi,1,1,D,,,,1.95,3.2,4.75,1.87,3.1,4.44,1.97,3.25,5,1.91,3,4.75
Argentina,Liga Profesional,2026,24/07/2026,20:45,Gimnasia Mendoza,Central Cordoba,1,0,H,,,,1.95,3.13,4.75,1.9,3.08,4.39,2.02,3.25,4.9,1.86,3.1,4.75
Argentina,Liga Profesional,2026,24/07/2026,23:00,Racing Club,Gimnasia L.P.,2,1,H,,,,1.83,3.3,5.3,1.78,3.22,4.8,1.84,3.5,5.7,1.81,3.25,5
Argentina,Liga Profesional,2026,24/07/2026,23:00,Velez Sarsfield,Instituto,1,0,H,,,,2.14,3.05,4.1,2.08,2.92,3.83,2.16,3.15,4.4,2.05,3,4.1
Argentina,Liga Profesional,2026,25/07/2026,01:15,Huracan,Banfield,1,0,H,,,,2.05,3,4.6,1.97,2.91,4.35,2.06,3.1,5,2.01,2.85,4.5
Argentina,Liga Profesional,2026,25/07/2026,01:15,Platense,Union de Santa Fe,2,2,D,,,,2.5,2.9,3.4,2.41,2.81,3.21,2.58,2.92,3.65,2.5,2.82,3.1
Argentina,Liga Profesional,2026,25/07/2026,18:45,Estudiantes Rio Cuarto,Tigre,1,0,H,,,,3.7,2.82,2.4,3.5,2.73,2.31,3.85,2.84,2.5,3.4,2.82,2.4
Argentina,Liga Profesional,2026,25/07/2026,21:00,Newells Old Boys,Talleres Cordoba,1,0,H,,,,2.75,21,251,2.49,4.02,18.35,2.78,2.98,3.2,2.45,2.85,3.2
Argentina,Liga Profesional,2026,25/07/2026,23:15,River Plate,Barracas Central,0,1,A,,,,1.35,4.75,15,1.31,4.34,11.23,1.37,4.8,14.5,1.27,4.5,15
Argentina,Liga Profesional,2026,26/07/2026,01:30,Lanus,San Lorenzo,1,0,H,,,,2.1,2.9,4.8,1.98,2.82,4.44,2.12,2.96,5.1,2.01,2.82,4.33
Argentina,Liga Profesional,2026,26/07/2026,19:00,Atl. Tucuman,Ind. Rivadavia,0,0,D,,,,2.88,3.2,2.75,2.75,3.02,2.58,3,3.1,2.82,2.85,3,2.57
Argentina,Liga Profesional,2026,26/07/2026,21:15,Estudiantes L.P.,Independiente,0,2,A,,,,2.2,3,4,2.11,2.93,3.75,2.22,3.05,4.3,2.1,2.85,4
Argentina,Liga Profesional,2026,26/07/2026,23:30,Dep. Riestra,Boca Juniors,3,0,H,,,,4.8,2.88,2.15,4.24,2.77,2.05,4.6,2.94,2.22,3.75,2.82,2.1
Argentina,Liga Profesional,2026,28/07/2026,23:00,Banfield,Sarmiento Junin,3,2,H,,,,2.25,3,4,2.14,2.92,3.67,2.3,3.05,4.1,2.15,2.82,4
Argentina,Liga Profesional,2026,28/07/2026,23:00,San Lorenzo,Gimnasia Mendoza,1,0,H,,,,2,3.15,4.6,1.92,3.06,4.2,2.06,3.25,4.7,1.96,3.1,4.2
Argentina,Liga Profesional,2026,29/07/2026,01:15,Argentinos Jrs,Estudiantes Rio Cuarto,3,0,H,,,,1.38,4.6,11,1.35,4.27,9.43,1.42,4.7,11,1.33,4.33,11
Argentina,Liga Profesional,2026,29/07/2026,01:15,Rosario Central,Racing Club,0,0,D,,,,2.1,3.2,4.2,2.01,3.04,3.88,2.14,3.3,4.3,2.01,3.1,4.2
Argentina,Liga Profesional,2026,29/07/2026,18:30,Barracas Central,Aldosivi,1,0,H,,,,2.4,2.8,3.7,2.31,2.69,3.58,2.46,2.82,4.1,2.4,2.65,3.7
Argentina,Liga Profesional,2026,29/07/2026,21:00,Defensa y Justicia,Dep. Riestra,2,1,H,,,,2.68,2.8,3.4,2.48,2.71,3.18,2.74,2.84,3.45,2.5,2.7,3.3
Argentina,Liga Profesional,2026,29/07/2026,23:15,Gimnasia L.P.,River Plate,1,0,H,,,,4.75,3.13,2,4.31,3.02,1.92,4.8,3.2,2.06,4.75,2.85,1.96
Argentina,Liga Profesional,2026,30/07/2026,01:30,Instituto,Platense,2,1,H,,,,2.05,3.05,4.5,1.99,2.92,4.21,2.12,3.05,4.8,2.05,3,4.2
Argentina,Liga Profesional,2026,30/07/2026,23:00,Ind. Rivadavia,Huracan,2,1,H,,,,2.15,3.05,4.75,2.01,2.91,4.19,2.2,3,4.5,2.15,2.85,3.9
Argentina,Liga Profesional,2026,30/07/2026,23:00,Talleres Cordoba,Velez Sarsfield,1,3,A,,,,2.43,3,3.9,2.28,2.85,3.4,2.42,2.96,3.9,2.2,2.75,3.9
Argentina,Liga Profesional,2026,31/07/2026,01:15,Central Cordoba,Atl. Tucuman,0,2,A,,,,3.4,3.1,2.38,3.2,2.98,2.3,3.65,3.15,2.42,3.4,3,2.3
Argentina,Liga Profesional,2026,31/07/2026,01:15,Independiente,Newells Old Boys,1,0,H,,,,1.57,3.9,7,1.53,3.71,6.26,1.57,4.2,7.4,1.51,3.8,7
Argentina,Liga Profesional,2026,01/08/2026,19:30,Estudiantes Rio Cuarto,Banfield,0,0,D,,,,2.88,3,2.85,2.72,2.84,2.72,3,3,2.9,2.82,2.85,2.7
Argentina,Liga Profesional,2026,01/08/2026,19:30,Gimnasia Mendoza,Union de Santa Fe,2,0,H,,,,3.05,3.2,2.65,2.78,3.04,2.53,3,3.15,2.8,2.75,3.1,2.65
Argentina,Liga Profesional,2026,01/08/2026,22:00,Belgrano,Argentinos Jrs,0,1,A,,,,2.4,3,3.5,2.3,2.85,3.32,2.5,3.05,3.6,2.32,2.85,3.4
Argentina,Liga Profesional,2026,01/08/2026,22:00,Estudiantes L.P.,Defensa y Justicia,3,0,H,,,,1.61,3.75,7,1.56,3.54,6.12,1.65,3.85,7,1.53,3.6,7
Argentina,Liga Profesional,2026,02/08/2026,00:30,Racing Club,Tigre,1,3,A,,,,2.25,3,4.1,2.13,2.89,3.69,2.34,3,4,2.2,2.85,3.7
Argentina,Liga Profesional,2026,02/08/2026,18:30,Aldosivi,Gimnasia L.P.,1,2,A,,,,3.4,2.8,2.68,3.1,2.69,2.56,3.35,2.88,2.76,3.4,2.7,2.5
Argentina,Liga Profesional,2026,02/08/2026,18:30,Dep. Riestra,Barracas Central,0,1,A,,,,2.25,2.75,4.33,2.16,2.64,4.1,2.32,2.78,4.6,2.2,2.65,4.33
Argentina,Liga Profesional,2026,02/08/2026,21:00,Newells Old Boys,Boca Juniors,2,2,D,,,,4.8,3.25,1.85,4.55,3.17,1.81,5.2,3.45,1.92,4.75,3.25,1.81
Argentina,Liga Profesional,2026,02/08/2026,23:15,River Plate,Rosario Central,0,1,A,,,,2,3.1,4.75,1.91,3.02,4.32,2.04,3.2,4.9,1.96,3,4.75
Argentina,Liga Profesional,2026,03/08/2026,01:30,Lanus,Instituto,0,1,A,,,,2.25,3,4,2.15,2.87,3.7,2.34,2.96,4,2.2,2.85,3.7
Argentina,Liga Profesional,2026,03/08/2026,20:45,Sarmiento Junin,Ind. Rivadavia,2,1,H,,,,3,3.13,2.75,2.8,2.94,2.57,3.05,3.1,2.8,2.75,2.85,2.75
Argentina,Liga Profesional,2026,03/08/2026,23:00,Platense,Talleres Cordoba,0,4,A,,,,2.63,2.9,3.2,2.57,2.75,3.01,2.8,2.88,3.25,2.55,2.75,3.2
Argentina,Liga Profesional,2026,03/08/2026,23:00,Velez Sarsfield,Independiente,1,0,H,,,,2.55,3.13,3.1,2.43,2.95,2.97,2.6,3.2,3.25,2.55,2.85,3.1
Argentina,Liga Profesional,2026,04/08/2026,01:15,Central Cordoba,San Lorenzo,1,0,H,,,,3.25,3,2.5,3.07,2.88,2.45,3.3,3,2.68,3.25,3,2.4
Argentina,Liga Profesional,2026,04/08/2026,01:15,Huracan,Atl. Tucuman,0,0,D,,,,2.07,3,4.75,2,2.87,4.19,2.08,3.15,4.7,1.96,2.85,4.75
Argentina,Liga Profesional,2026,05/08/2026,23:00,Boca Juniors,Estudiantes L.P.,1,0,H,,,,1.84,3.3,5,1.79,3.19,4.77,1.87,3.5,5.3,1.71,3.3,5
Argentina,Liga Profesional,2026,06/08/2026,01:15,Tigre,Belgrano,0,0,D,,,,2.54,2.75,3.8,2.41,2.64,3.46,2.52,2.76,4,2.4,2.65,3.8
Argentina,Liga Profesional,2026,06/08/2026,23:00,Union de Santa Fe,Lanus,2,1,H,,,,2.7,2.9,3.2,2.54,2.79,3.02,2.72,2.98,3.35,2.7,2.65,3
Argentina,Liga Profesional,2026,07/08/2026,23:30,Rosario Central,Aldosivi,2,1,H,,,,1.57,3.8,8.4,1.53,3.62,6.64,1.6,3.95,7.6,1.56,3.5,7
Argentina,Liga Profesional,2026,08/08/2026,01:45,Ind. Rivadavia,Estudiantes Rio Cuarto,2,1,H,,,,1.5,4,9.5,1.44,3.89,7.82,1.51,4.2,9.4,1.42,3.8,9.5
Argentina,Liga Profesional,2026,08/08/2026,18:45,Atl. Tucuman,Sarmiento Junin,1,2,A,,,,1.88,3.3,5,1.82,3.16,4.73,1.89,3.35,5.6,1.81,3.25,4.75
Argentina,Liga Profesional,2026,08/08/2026,18:45,Dep. Riestra,Estudiantes L.P.,2,0,H,,,,2.55,2.82,3.4,2.48,2.73,3.22,2.6,2.86,3.7,2.32,2.82,3.4
Argentina,Liga Profesional,2026,08/08/2026,21:00,Tigre,River Plate,1,0,H,,,,3.5,2.88,2.45,3.35,2.78,2.37,3.6,2.94,2.56,3.4,2.75,2.4
Argentina,Liga Profesional,2026,08/08/2026,23:15,Boca Juniors,Velez Sarsfield,1,1,D,,,,1.65,3.6,6.5,1.6,3.46,6.03,1.68,3.7,6.8,1.53,3.6,6.5
Argentina,Liga Profesional,2026,09/08/2026,01:30,Independiente,Platense,0,1,A,,,,1.83,3.25,5.5,1.8,3.13,4.95,1.89,3.3,5.7,1.76,3.1,5.5
Argentina,Liga Profesional,2026,09/08/2026,01:30,Instituto,Gimnasia Mendoza,1,0,H,,,,1.57,3.9,7.5,1.54,3.67,6.36,1.59,4,7.8,1.56,3.6,6.5
Argentina,Liga Profesional,2026,09/08/2026,19:00,San Lorenzo,Huracan,0,2,A,,,,2.8,3,3.1,2.7,2.74,2.91,2.96,2.86,3.15,2.57,3,2.85
Argentina,Liga Profesional,2026,09/08/2026,21:45,Defensa y Justicia,Newells Old Boys,2,1,H,,,,2,3.25,4.75,1.92,3.12,4.27,2,3.35,4.7,1.86,3.2,4.75
Argentina,Liga Profesional,2026,09/08/2026,21:45,Gimnasia L.P.,Barracas Central,2,0,H,,,,1.91,3.1,5,1.84,3.07,4.72,1.95,3.25,5.2,1.86,3.1,4.75
Argentina,Liga Profesional,2026,10/08/2026,00:15,Argentinos Jrs,Racing Club,2,1,H,,,,2.05,3.2,4.5,1.98,3.02,4.09,2.06,3.2,4.7,1.96,2.85,4.5
Argentina,Liga Profesional,2026,10/08/2026,23:00,Banfield,Belgrano,0,2,A,,,,3.1,3,2.6,2.93,2.92,2.52,3.1,3.1,2.78,3.1,3,2.45
Argentina,Liga Profesional,2026,11/08/2026,01:15,Union de Santa Fe,Central Cordoba,1,2,A,,,,1.7,3.85,6.5,1.63,3.48,5.61,,,,1.68,3.3,5.75
Argentina,Liga Profesional,2026,12/08/2026,01:00,Talleres Cordoba,Lanus,0,3,A,,,,2.38,2.9,3.9,2.33,2.77,3.44,2.44,2.98,3.85,2.32,2.75,3.6
Argentina,Liga Profesional,2026,15/08/2026,00:30,Racing Club,Banfield,0,1,A,,,,1.61,3.9,6.5,1.59,3.64,5.79,1.68,3.9,6.4,1.56,3.7,6.5
Argentina,Liga Profesional,2026,15/08/2026,18:30,Aldosivi,Tigre,0,0,D,,,,3.3,2.8,2.65,3.17,2.73,2.52,3.4,2.94,2.66,3.25,2.57,2.65
Argentina,Liga Profesional,2026,15/08/2026,18:30,San Lorenzo,Union de Santa Fe,1,0,H,,,,2.88,3.1,3.1,2.78,2.97,2.64,3.05,3.05,2.82,2.85,3,2.65
Argentina,Liga Profesional,2026,15/08/2026,20:45,Estudiantes L.P.,Gimnasia L.P.,4,0,H,,,,2.05,3.1,4.75,1.98,2.95,4.26,2.08,3.05,5,1.91,3,4.75
Argentina,Liga Profesional,2026,15/08/2026,23:00,Belgrano,Ind. Rivadavia,2,0,H,,,,1.83,3.4,5,1.79,3.23,4.8,1.91,3.4,5.4,1.79,3.25,5
Argentina,Liga Profesional,2026,15/08/2026,23:00,Newells Old Boys,Dep. Riestra,2,0,H,,,,2.87,2.8,3.1,2.77,2.71,2.87,2.98,2.82,3.15,2.82,2.65,3.1
Argentina,Liga Profesional,2026,16/08/2026,01:15,Platense,Boca Juniors,1,1,D,,,,5.5,3.3,1.8,5.01,3.2,1.77,5.7,3.4,1.87,5.5,3.2,1.76
Argentina,Liga Profesional,2026,16/08/2026,19:00,Sarmiento Junin,Huracan,2,0,H,,,,3.2,2.9,2.6,3.06,2.82,2.52,3.4,2.96,2.7,3.1,2.85,2.57
Argentina,Liga Profesional,2026,16/08/2026,22:00,River Plate,Argentinos Jrs,2,0,H,,,,1.95,3.25,4.5,1.88,3.18,4.34,1.99,3.4,4.7,1.91,3.2,4.5
Argentina,Liga Profesional,2026,17/08/2026,00:15,Barracas Central,Rosario Central,0,1,A,,,,2.7,2.8,3.2,2.62,2.71,3.07,2.86,2.84,3.3,2.7,2.65,3.2
Argentina,Liga Profesional,2026,17/08/2026,00:15,Central Cordoba,Instituto,0,1,A,,,,4.5,3.1,2.1,4.01,3.01,2.02,4,3.25,2.1,4.5,3,1.96
Argentina,Liga Profesional,2026,17/08/2026,18:45,Estudiantes Rio Cuarto,Atl. Tucuman,0,1,A,,,,3.7,2.9,2.3,3.58,2.82,2.26,3.95,2.96,2.4,3.7,2.85,2.25
Argentina,Liga Profesional,2026,17/08/2026,21:00,Lanus,Independiente,1,3,A,,,,2.05,3.1,4.33,2.01,2.98,4.07,2.12,3.1,4.5,2.01,3,4.33
Argentina,Liga Profesional,2026,17/08/2026,23:15,Velez Sarsfield,Defensa y Justicia,1,1,D,,,,2.05,3.3,4,1.98,3.21,3.81,2.1,3.4,4.2,2.01,3.2,4
Argentina,Liga Profesional,2026,18/08/2026,01:30,Gimnasia Mendoza,Talleres Cordoba,3,1,H,,,,3,3.1,2.63,2.94,2.88,2.53,3.15,3.05,2.76,3,2.85,2.55
Argentina,Liga Profesional,2026,21/08/2026,18:30,Aldosivi,Union de Santa Fe,1,3,A,,,,2.75,3.05,2.85,2.68,2.93,2.75,2.9,3.2,2.9,2.75,2.82,2.85
Argentina,Liga Profesional,2026,22/08/2026,00:00,Estudiantes Rio Cuarto,San Lorenzo,0,0,D,,,,3.8,2.7,2.45,3.57,2.63,2.4,3.85,2.76,2.6,3.8,2.55,2.4
Argentina,Liga Profesional,2026,22/08/2026,20:00,Atl. Tucuman,Instituto,0,0,D,,,,3,3,2.75,2.8,2.87,2.68,2.98,3.1,2.86,3,2.75,2.7
Argentina,Liga Profesional,2026,22/08/2026,20:00,Gimnasia L.P.,Gimnasia Mendoza,2,3,A,,,,1.84,3.4,5.25,1.79,3.25,4.63,1.92,3.4,5.1,1.81,3.2,4.75
Argentina,Liga Profesional,2026,22/08/2026,22:30,Independiente,Ind. Rivadavia,0,0,D,,,,2.48,3,3.5,2.37,2.89,3.22,2.48,3,3.6,2.35,2.82,3.5
Argentina,Liga Profesional,2026,23/08/2026,01:00,Huracan,Dep. Riestra,0,0,D,,,,2.4,2.58,4.33,2.31,2.5,3.98,2.44,2.72,4.3,2.35,2.35,4.33
Argentina,Liga Profesional,2026,23/08/2026,01:00,Newells Old Boys,Banfield,2,1,H,,,,2.16,3.2,4.5,2.07,3.02,3.77,2.18,3.3,4,1.96,3,4.5
Argentina,Liga Profesional,2026,23/08/2026,18:45,Barracas Central,Platense,1,2,A,,,,2.56,2.8,3.4,2.46,2.72,3.25,2.64,2.9,3.5,2.5,2.65,3.4
Argentina,Liga Profesional,2026,23/08/2026,18:45,Sarmiento Junin,Estudiantes L.P.,2,0,H,,,,3.2,3,2.6,2.99,2.91,2.49,3.3,3.1,2.64,3.2,2.82,2.55
Argentina,Liga Profesional,2026,23/08/2026,21:00,Belgrano,Defensa y Justicia,1,2,A,,,,1.85,3.4,5,1.81,3.3,4.48,1.92,3.5,5,1.79,3.25,5
Argentina,Liga Profesional,2026,23/08/2026,23:15,River Plate,Velez Sarsfield,2,2,D,,,,1.67,3.5,6.5,1.62,3.39,5.97,1.7,3.7,6.8,1.61,3.25,6.5
Argentina,Liga Profesional,2026,24/08/2026,01:30,Racing Club,Boca Juniors,1,1,D,,,,3.2,3,2.57,3.07,2.88,2.46,3.4,3.05,2.6,3.2,2.75,2.57
Argentina,Liga Profesional,2026,24/08/2026,23:00,Tigre,Central Cordoba,2,1,H,,,,1.67,3.5,7,1.63,3.35,6.19,1.71,3.55,7.2,1.57,3.4,7
Argentina,Liga Profesional,2026,25/08/2026,01:15,Lanus,Argentinos Jrs,1,1,D,,,,2.55,3,3.2,2.48,2.88,3.02,2.6,3.1,3.3,2.55,2.82,3.2
Argentina,Liga Profesional,2026,25/08/2026,01:15,Talleres Cordoba,Rosario Central,2,2,D,,,,3.4,3.1,2.7,2.95,2.91,2.52,3.1,3.05,2.72,3.1,3,2.45
Argentina,Liga Profesional,2026,28/08/2026,23:00,Union de Santa Fe,Sarmiento Junin,4,1,H,,,,1.98,3.25,4.5,1.92,3.14,4.17,2.02,3.35,4.6,1.96,3.1,4.5
Argentina,Liga Profesional,2026,29/08/2026,01:30,Boca Juniors,Lanus,1,0,H,,,,1.93,3.3,4.75,1.88,3.17,4.29,1.97,3.3,5.1,1.91,3.25,4.2
Argentina,Liga Profesional,2026,29/08/2026,18:45,Dep. Riestra,Velez Sarsfield,1,1,D,,,,2.6,2.8,3.3,2.52,2.72,3.16,2.74,2.88,3.35,2.5,2.75,3.3
Argentina,Liga Profesional,2026,29/08/2026,21:00,Rosario Central,Gimnasia L.P.,1,2,A,,,,1.61,3.9,6.5,1.57,3.7,5.77,1.65,4,6.6,1.53,3.9,6.25
Argentina,Liga Profesional,2026,29/08/2026,23:00,Huracan,Estudiantes Rio Cuarto,1,1,D,,,,1.7,3.2,7,1.66,3.09,6.52,1.73,3.3,7.6,1.66,3.1,7
Argentina,Liga Profesional,2026,30/08/2026,01:30,Atl. Tucuman,Belgrano,0,0,D,,,,2.55,2.9,3.2,2.51,2.81,3.08,2.7,2.94,3.35,2.55,2.82,3.2
Argentina,Liga Profesional,2026,30/08/2026,01:30,Talleres Cordoba,Central Cordoba,0,0,D,,,,1.84,3.4,5.5,1.79,3.26,4.86,1.86,3.5,5.4,1.76,3.25,5.5
Argentina,Liga Profesional,2026,30/08/2026,19:00,Banfield,River Plate,2,3,A,,,,7.5,4.2,1.52,7.07,3.87,1.46,8.6,4.2,1.53,7.5,3.9,1.46
Argentina,Liga Profesional,2026,30/08/2026,21:00,Argentinos Jrs,Aldosivi,2,1,H,,,,1.37,4.6,11.5,1.33,4.36,10.06,1.38,4.9,12.5,1.35,4.2,11
Argentina,Liga Profesional,2026,30/08/2026,23:15,Independiente,Gimnasia Mendoza,0,3,A,,,,1.83,3.4,5.75,1.77,3.29,4.77,1.84,3.5,5.4,1.71,3.25,5.75
Argentina,Liga Profesional,2026,31/08/2026,01:30,Ind. Rivadavia,Racing Club,3,1,H,,,,2,3.25,4.33,1.95,3.12,4.05,2.04,3.4,4.5,1.96,3.1,4.33
Argentina,Liga Profesional,2026,31/08/2026,23:00,Defensa y Justicia,Platense,1,0,H,,,,2.57,3,3.2,2.49,2.86,3.04,2.7,3,3.25,2.55,2.82,3.2
Argentina,Liga Profesional,2026,31/08/2026,23:00,Estudiantes L.P.,Newells Old Boys,0,0,D,,,,1.62,3.6,7,1.6,3.45,6.14,1.68,3.75,6.8,1.57,3.4,7
Argentina,Liga Profesional,2026,01/09/2026,01:15,Instituto,San Lorenzo,1,0,H,,,,1.91,3.1,5,1.88,2.99,4.59,1.97,3.15,5.2,1.86,3.1,4.5
Argentina,Liga Profesional,2026,01/09/2026,01:15,Tigre,Barracas Central,0,0,D,,,,1.85,3.1,5.5,1.81,2.98,5.08,1.91,3.2,5.8,1.81,2.85,5.25
Argentina,Liga Profesional,2026,04/09/2026,20:45,Estudiantes Rio Cuarto,Sarmiento Junin,0,2,A,,,,3.6,2.88,2.4,3.39,2.77,2.35,3.7,2.96,2.52,3.5,2.82,2.3
Argentina,Liga Profesional,2026,04/09/2026,23:00,Belgrano,Huracan,1,1,D,,,,2.08,3,4.5,2.01,2.9,4.23,2.16,3,4.7,1.96,3,4.5
Argentina,Liga Profesional,2026,04/09/2026,23:00,Platense,Dep. Riestra,1,1,D,,,,2.82,2.8,3.1,2.72,2.7,2.94,2.94,2.78,3.25,2.82,2.75,2.85
Argentina,Liga Profesional,2026,05/09/2026,17:30,Aldosivi,Banfield,3,1,H,,,,2.75,3,2.85,2.65,2.94,2.76,2.86,3.1,2.98,2.57,3,2.85
Argentina,Liga Profesional,2026,05/09/2026,18:30,Gimnasia L.P.,Tigre,2,1,H,,,,2.42,2.9,3.4,2.37,2.84,3.26,2.5,2.98,3.6,2.35,2.85,3.4
Argentina,Liga Profesional,2026,05/09/2026,20:30,Gimnasia Mendoza,Boca Juniors,2,2,D,,,,3.25,3.05,2.55,3.08,2.9,2.42,3.25,3,2.64,3.1,2.75,2.5
Argentina,Liga Profesional,2026,05/09/2026,23:00,San Lorenzo,Talleres Cordoba,1,0,H,,,,2.38,3,3.4,2.31,2.95,3.24,2.44,3.1,3.6,2.3,3,3.4
Argentina,Liga Profesional,2026,06/09/2026,01:15,Velez Sarsfield,Estudiantes L.P.,1,0,H,,,,2.8,2.82,3.2,2.66,2.69,2.99,2.9,2.84,3.2,2.75,2.55,3.2
Argentina,Liga Profesional,2026,06/09/2026,18:45,Rosario Central,Newells Old Boys,1,1,D,,,,1.61,3.75,7,1.56,3.6,6.17,1.65,3.75,7.2,1.56,3.6,6.5
Argentina,Liga Profesional,2026,06/09/2026,21:00,Central Cordoba,Independiente,0,1,A,,,,3.3,3.1,2.45,3.13,3,2.37,3.25,3.15,2.6,3.3,3,2.35
Argentina,Liga Profesional,2026,06/09/2026,21:00,Lanus,Defensa y Justicia,1,0,H,,,,1.87,3.3,5,1.84,3.19,4.48,1.93,3.35,5,1.81,3.2,5
Argentina,Liga Profesional,2026,06/09/2026,23:15,River Plate,Ind. Rivadavia,3,1,H,,,,1.72,3.6,6,1.67,3.42,5.35,1.73,3.7,6.4,1.62,3.4,6
Argentina,Liga Profesional,2026,07/09/2026,01:30,Racing Club,Atl. Tucuman,1,2,A,,,,2.1,3.15,4.4,1.99,3.04,4.05,2.12,3.2,4.4,2.1,3,4.1
Argentina,Liga Profesional,2026,07/09/2026,23:00,Barracas Central,Argentinos Jrs,0,0,D,,,,4.2,3,2.1,3.95,2.87,2.08,4.4,3,2.22,4.2,2.75,2.1
Argentina,Liga Profesional,2026,08/09/2026,01:15,Union de Santa Fe,Instituto,3,2,H,,,,3,2.98,2.72,2.86,2.88,2.61,3.1,3.05,2.78,3,2.85,2.65
Argentina,Liga Profesional,2026,11/09/2026,21:00,Newells Old Boys,Velez Sarsfield,1,1,D,,,,2.74,3,3,2.64,2.89,2.82,2.82,2.98,3.1,2.65,3,2.85
Argentina,Liga Profesional,2026,11/09/2026,23:15,Defensa y Justicia,Gimnasia Mendoza,2,0,H,,,,2,3.5,3.8,1.97,3.33,3.67,2.04,3.55,4.2,1.96,3.5,3.6
Argentina,Liga Profesional,2026,12/09/2026,01:30,Boca Juniors,Central Cordoba,3,1,H,,,,1.58,3.95,6.5,1.55,3.79,6.16,1.6,4,7.4,1.56,3.9,6
Argentina,Liga Profesional,2026,12/09/2026,18:45,Estudiantes L.P.,Platense,2,1,H,,,,2.01,3.1,4.5,1.97,2.96,4.25,2.12,3.15,4.5,2.01,2.85,4.5
Argentina,Liga Profesional,2026,12/09/2026,18:45,Ind. Rivadavia,Aldosivi,4,3,H,,,,1.44,4.4,8.5,1.4,4.19,7.73,1.47,4.6,8.8,1.42,4.2,8
Argentina,Liga Profesional,2026,12/09/2026,21:30,Atl. Tucuman,River Plate,1,2,A,,,,4.2,3.13,2.05,3.92,3.01,2.03,4.2,3.2,2.18,4.2,3,2.01
Argentina,Liga Profesional,2026,13/09/2026,00:00,Talleres Cordoba,Union de Santa Fe,2,1,H,,,,2.24,3.1,3.9,2.13,2.95,3.68,2.28,3.05,4.1,2.1,2.85,3.9
Argentina,Liga Profesional,2026,13/09/2026,18:45,Sarmiento Junin,Belgrano,1,1,D,,,,3.4,3,2.45,3.18,2.91,2.35,3.55,3.1,2.5,3.4,2.85,2.32
Argentina,Liga Profesional,2026,13/09/2026,18:45,Tigre,Rosario Central,0,1,A,,,,3.45,2.8,2.5,3.28,2.75,2.44,3.55,2.92,2.6,3.4,2.7,2.5
Argentina,Liga Profesional,2026,13/09/2026,21:00,Argentinos Jrs,Gimnasia L.P.,1,1,D,,,,1.8,3.5,5.25,1.73,3.38,4.9,1.83,3.55,5.5,1.71,3.3,5.25
Argentina,Liga Profesional,2026,13/09/2026,23:15,Independiente,San Lorenzo,1,1,D,,,,2.12,3.1,4.33,2.05,2.94,3.99,2.18,3.05,4.4,1.96,3.1,4.33
Argentina,Liga Profesional,2026,14/09/2026,01:30,Huracan,Racing Club,2,1,H,,,,2.66,2.88,3.3,2.53,2.8,3.06,2.66,3,3.3,2.5,2.75,3.3
Argentina,Liga Profesional,2026,14/09/2026,23:00,Banfield,Barracas Central,1,1,D,,,,2.7,2.9,3.3,2.5,2.79,3.12,2.64,2.96,3.5,2.7,2.57,3.2
Argentina,Liga Profesional,2026,14/09/2026,23:00,Dep. Riestra,Lanus,0,3,A,,,,3.1,2.8,2.9,3.03,2.61,2.71,3.2,2.78,2.92,3,2.65,2.75
Argentina,Liga Profesional,2026,15/09/2026,01:15,Instituto,Estudiantes Rio Cuarto,2,1,H,,,,1.45,3.85,10,1.43,3.74,9.15,1.5,4.1,10.5,1.45,3.75,9.5
Argentina,Liga Profesional,2026,18/09/2026,22:00,Central Cordoba,Defensa y Justicia,2,2,D,,,,2.85,3.13,2.65,2.78,3.07,2.59,3,3.2,2.72,2.85,3,2.65
Argentina,Liga Profesional,2026,19/09/2026,01:15,Racing Club,Sarmiento Junin,3,1,H,,,,1.85,3.5,4.5,1.81,3.38,4.33,1.91,3.6,4.8,1.81,3.4,4.5
Argentina,Liga Profesional,2026,19/09/2026,18:30,Gimnasia L.P.,Banfield,2,2,D,,,,1.67,3.8,6,1.63,3.63,5.28,1.7,3.9,6,1.57,3.7,6
Argentina,Liga Profesional,2026,19/09/2026,18:30,Gimnasia Mendoza,Dep. Riestra,0,0,D,,,,2.45,2.9,3.45,2.36,2.82,3.32,2.52,2.94,3.65,2.45,2.75,3.4
Argentina,Liga Profesional,2026,19/09/2026,20:45,Union de Santa Fe,Independiente,1,2,A,,,,2.42,3.13,3.5,2.31,3.02,3.18,2.44,3.15,3.5,2.25,3.1,3.5
Argentina,Liga Profesional,2026,19/09/2026,23:00,River Plate,Huracan,1,2,A,,,,1.53,3.9,8.5,1.49,3.7,7.17,1.55,4.1,8.4,1.49,3.6,8.5
Argentina,Liga Profesional,2026,20/09/2026,01:15,Instituto,Talleres Cordoba,3,1,H,,,,2.3,3.1,4.55,2.04,3.01,3.93,2.08,3.15,4.5,2.01,3,4.33
Argentina,Liga Profesional,2026,20/09/2026,18:45,San Lorenzo,Boca Juniors,0,2,A,,,,5.25,3.1,1.9,4.84,3,1.85,5.5,3.2,1.96,5.25,3,1.81
Argentina,Liga Profesional,2026,20/09/2026,21:00,Platense,Newells Old Boys,0,1,A,,,,2.5,2.96,3.5,2.36,2.84,3.28,2.5,2.96,3.65,2.35,2.75,3.5
Argentina,Liga Profesional,2026,20/09/2026,21:00,Rosario Central,Argentinos Jrs,1,0,H,,,,2.05,3.2,4.3,1.98,3.15,3.9,2.1,3.3,4.3,2.05,3.2,3.8
Argentina,Liga Profesional,2026,20/09/2026,23:15,Belgrano,Estudiantes Rio Cuarto,2,1,H,,,,1.45,4,11,1.42,3.83,8.78,1.48,4.1,11,1.41,3.7,11
Argentina,Liga Profesional,2026,21/09/2026,01:30,Velez Sarsfield,Tigre,3,2,H,,,,2.25,3,3.8,2.17,2.89,3.65,2.32,3,4.1,2.15,2.85,3.8
Argentina,Liga Profesional,2026,21/09/2026,18:30,Aldosivi,Atl. Tucuman,1,0,H,,,,3.4,3,2.4,3.21,2.89,2.36,3.45,3.05,2.58,3.4,2.85,2.35
Argentina,Liga Profesional,2026,21/09/2026,23:00,Barracas Central,Ind. Rivadavia,0,1,A,,,,3.5,3,2.38,3.38,2.89,2.27,3.75,3,2.46,3.5,2.85,2.3
Argentina,Liga Profesional,2026,22/09/2026,01:15,Lanus,Estudiantes L.P.,2,1,H,,,,2.25,3,4,2.19,2.87,3.65,2.32,3,4,2.2,2.85,3.7
